{"cameraMode":{"drawMode":0,"name":"Shaded","section":"Shading Mode"},"sceneLighting":true,"audioPlay":false,"sceneViewState":{"showFog":true,"showMaterialUpdate":false,"showSkybox":true,"showFlares":true,"showImageEffects":true,"showParticleSystems":true},"in2DMode":false,"pivot":{"x":-14.671597480773926,"y":17.278087615966798,"z":35.03118133544922},"rotation":{"x":0.00030964158941060305,"y":-0.000005358243925002171,"z":7.531706813779238e-8,"w":1.0000048875808716},"size":115.05303192138672,"orthographic":false}