{"cameraMode":{"drawMode":0,"name":"Shaded","section":"Shading Mode"},"sceneLighting":true,"audioPlay":false,"sceneViewState":{"showFog":true,"showMaterialUpdate":false,"showSkybox":true,"showFlares":true,"showImageEffects":true,"showParticleSystems":true},"in2DMode":false,"pivot":{"x":2.5185556411743166,"y":7.575174331665039,"z":-33.60798645019531},"rotation":{"x":0.010808026418089867,"y":-0.016503699123859407,"z":0.00017835904145613313,"w":0.9998105764389038},"size":33.73258590698242,"orthographic":false}