{"cameraMode":{"drawMode":0,"name":"Shaded","section":"Shading Mode"},"sceneLighting":true,"audioPlay":false,"sceneViewState":{"showFog":true,"showMaterialUpdate":false,"showSkybox":true,"showFlares":true,"showImageEffects":true,"showParticleSystems":true},"in2DMode":false,"pivot":{"x":23.129167556762697,"y":7.289073944091797,"z":35.0},"rotation":{"x":-0.028130851686000825,"y":-0.06293901801109314,"z":-0.0017747124657034875,"w":0.9976246356964111},"size":76.74517822265625,"orthographic":false}